대사 아이디,다음 대사,발화자,텍스트,외관 아이디,유형,주재료,카테고리,연출
D00_C01_01_,D00_C01_O_,나,드디어 나만의 오마카세 식당을 열게 되었군.,,,,,
D00_C01_O_,D00_C01_R_,나,내일부터 영업 시작이니` 오늘의 마지막 연습으로 삼겹살 덮밥을 만들어 봐야지.,,generous,돼지고기&&,덮밥,
D00_C01_R_,D00_C01_02_,나,이 정도면 만족스러워. 이것 봐` 시대에 뒤처진 스승님의 그깟 요리 철학 따위 없이도 혼자서 잘할 수 있다고.,,,,,
D00_C01_02_,EOD_D01~C01~01~,나,결국 중요한 건 결과` 즉 요리의 맛이지. 첫 번째 단계는 넘어갔어. 이제 본격적으로 시작할 차례야.,,,,,
D01_C01_01_,D01_C01_01_a&&D01_C01_01_b,박효진,하하! 드디어 오막하세의 개업이구나? 너의 오랜 소꿉친구이자` 영광스러운 첫 번째 손님의 등장이시다.,Main_001_default,,,,SB_fanfare
D01_C01_01_a,D01_C01_O_,나,어서 와.,,,,,
D01_C01_01_b,D01_C01_O_,나,어서 오십쇼.,,,,,
D01_C01_O_,D01_C01_R_positive,박효진,이미 ㅁㅁ레스토랑이 동네 원탑을 차지하고 있는데` 너라면 ㅁㅁ레스토랑과는 다른 새로운 맛을 보여주겠지? 얼마나 맛있게 하는지 한번 보자고.,Main_001_default,generous,,,
D01_C01_R_positive,EOO_D01~C02~01~,박효진,음` 맛있네! 아무튼 개업 축하하고` 앞으로도 화이팅해라.,Main_001_default,positive,,,
D01_C02_01_,D01_C02_O_,황수영,오` 우리 동네에 드디어 새로운 오마카세 식당이 생겨서 좋네요. 선택지가 두 개로 늘어났으니까요.,Main_002_default,,,,
D01_C02_O_,D01_C02_R_positive,황수영,한 곳만 계속 가면 너무 뻔하잖아요? 여기서는 어떤 메뉴가 나올지 궁금하네요.,Main_002_default,generous,,,
D01_C02_R_positive,EOO_D01~C03~O~,황수영,다양한 옵션이 있다는 건 언제나 좋은 일이죠.,Main_002_default,positive,,,
D01_C03_O_,D01_C03_R_positive&&D01_C03_R_neutral&&D01_C03_R_negative,손님,한국인은 역시 밥심이죠! 갓 지은 따뜻한 밥으로 부탁드려요!,P009,generous,,덮밥||볶음밥||구운주먹밥,
D01_C03_R_positive,EOD_D02~C01~01~,손님,맛있게 잘 먹었습니다! 다음에 또 올게요.,P009,positive,,,
D01_C03_R_neutral,EOD_D02~C01~01~,손님,아... 혹시 제가 너무 늦게 와서 밥이 다 떨어진 건가요?,P009,neutral,,,
D01_C03_R_negative,EOD_D02~C01~01~,손님,우리는 이런 걸 음식이라 부르지 않기로 약속했어요.,P009,negative,,,
D02_C01_01_,D02_C01_01_a&&D02_C01_01_b,수상한 후드,흠... 오마카세라. 그렇다면 네가 알아서 해 주는 거겠지?,Main_Hood,,,,SB_hmm
D02_C01_01_a,D02_C01_02_,나,그렇죠.,,,,,
D02_C01_01_b,D02_C01_02_,나,맞아요.,,,,,
D02_C01_02_,D02_C01_03_,수상한 후드,뭐야` 육류가 돼지고기밖에 없어? 돼지고기는 잡내가 심해. 나같이 미각이 예민한 사람들은 그걸 싫어한다고.,Main_Hood,,,,SB_question
D02_C01_03_,D02_C01_O_,나,(수상한 후드에게 <color=#0000FF>닭고기</color>를 받았다.),,,,,IA_chicken
D02_C01_O_,D02_C01_R_positive&&D02_C01_R_neutral&&D02_C01_R_negative,수상한 후드,당연히 닭고기 요리도 할 수 있겠지?,Main_Hood,normal,닭고기&&,,
D02_C01_R_positive,EOO_D02~C02~01~,수상한 후드,흠` 이게 네 실력인가. 먹어 줄 만 하지만` 아직 한참 멀었어.,Main_Hood,positive,,,
D02_C01_R_neutral,EOO_D02~C02~01~,수상한 후드,패기 넘치는 애송이로군. 실력만 믿고 까불다가는 언젠가 큰 코 다칠 것이야.,Main_Hood,neutral,,,
D02_C01_R_negative,EOO_D02~C02~01~,수상한 후드,하! 손님의 말이 말 같지 않다 이건가? 간단한 요구사항마저 무시하다니` 애송이가 우습게 구는군.,Main_Hood,negative,,,
D02_C02_01_,D02_C02_02_,이지민,안녕하세요` 여러분! 미니TV 채널의 주인장 이지민입니다. 오늘은 새로 생긴 오마카세 식당에 와봤어요!,Main_003_streaming,,,,
D02_C02_02_,D02_C02_O_,이지민,식당 이름은 오막하세! 과연 오막하세는 ㅁㅁ레스토랑의 적수가 될 수 있을까요?! 제가 직접 리뷰해 보겠습니다!,Main_003_streaming,,,,
D02_C02_O_,D02_C02_R_positive,이지민,자~ 사장님! 지금 이 가게에서 제일 자신 있는 요리로 하나 부탁드려요! 우리 구독자님들한테 솔직한 리뷰를 보여드려야 하니까요~!,Main_003_streaming,generous,,,
D02_C02_R_positive,EOO_D02~C03~O~,이지민,음음! 나쁘지 않아요! ㅁㅁ레스토랑 사장님은 긴장하셔야겠는데요~?! 어쩌면 오마카세 업계의 세대교체가 일어날지도요!,Main_003_streaming,positive,,,
D02_C03_O_,D02_C03_R_positive&&D02_C03_R_neutral&&D02_C03_R_negative,손님,"""빵이 없으면 케이크를 먹어라""라는 말은 실제로 마리 앙투아네트가 한 말이 아니래요. 어쨌든 저에게는 케이크가 없으니 빵을 먹겠어요.",P004,generous,,햄버거||샌드위치||고로케||파이||피자,
D02_C03_R_positive,EOD_D03~C01~01~,손님,손님은 왕이다! 짐이 그대에게 좋은 평판을 내리겠노라!,P004,positive,,,
D02_C03_R_neutral,EOD_D03~C01~01~,손님,제가 이걸 주문했다고요? 아닌 것 같은데...,P004,neutral,,,
D02_C03_R_negative,EOD_D03~C01~01~,손님,단두대에 사형 선고 내릴 맛.,P004,negative,,,
D03_C01_01_,D03_C01_01_a&&D03_C01_01_b,박효진,오~ 오막하세가 작심삼일로 끝나지 않은 걸 보니까` 나 말고도 오는 손님이 있긴 한가 보네? 제법인데~,Main_001_default,,,,SB_like
D03_C01_01_a,D03_C01_O_,나,당연하지.,,,,,
D03_C01_01_b,D03_C01_O_,나,내가 누군데.,,,,,
D03_C01_O_,D03_C01_R_positive,박효진,뭐` 계속 가게 운영하면 나야 좋지! 내 입이 즐거울 테니까. 오늘도 맛있는 걸로 부탁할게!,Main_001_default,generous,,,
D03_C01_R_positive,EOO_D03~C02~O~,박효진,음 역시 맛있어~ 일주일째 되는 날 다시 올게. 그때까지 망하면 안 된다!,Main_001_default,positive,,,
D03_C02_O_,D03_C02_R_positive&&D03_C02_R_neutral&&D03_C02_R_negative,강준우,이겼닭! 오늘 저녁은 치킨이닭!,Main_004_default,normal,닭고기&&,,SB_game
D03_C02_R_positive,EOO_D03~C03~O~,강준우,치킨 버프 발동!,Main_004_default,positive,,,
D03_C02_R_neutral,EOO_D03~C03~O~,강준우,그럴 수 있어. 이런 날도 있는 거지 뭐.,Main_004_default,neutral,,,
D03_C02_R_negative,EOO_D03~C03~O~,강준우,윽... 힐` 힐러가 필요해...!,Main_004_default,negative,,,
D03_C03_O_,D03_C03_R_positive,손님,배고픈 상태로 무작정 걸었더니 여기까지 왔네요. 이건 운명이겠죠? 운명적인 디쉬로 부탁해요.,P011,generous,,,
D03_C03_R_positive,EOO_D03~C04~O~,손님,푸멘.,P011,positive,,,
D03_C04_O_,D03_C04_R_positive&&D03_C04_R_neutral&&D03_C04_R_negative,손님,첫 번째 토마토는 주스가 되려 하고` 두 번째 토마토는 케찹이 되고자 하며` 세 번째 토마토는 춤을 추려고 한다. 이때 세 번째 토마토에게 있어서 삶이라는 것은 무엇일까?,P015,normal,&&토마토,,
D03_C04_R_positive,EOO_D03~C05~O~,손님,음식이 아주 담백하고 맛있네요. 여기서 상견례 해도 되겠어요.,P015,positive,,,
D03_C04_R_neutral,EOO_D03~C05~O~,손님,다른 사람이 주문한 메뉴가 잘못 나온 것 같은데` 그 사람 입맛은 좋네요.,P015,neutral,,,
D03_C04_R_negative,EOO_D03~C05~O~,손님,삶이란 대체 무엇인가......,P015,negative,,,
D03_C05_O_,D03_C05_R_positive&&D03_C05_R_neutral&&D03_C05_R_negative,손님,오늘부로 볶음밥 지지를 철회한다. 오늘부터 지지 관계에서 벗어나 볶음밥과 나는 한몸으로 일체가 된다. 볶음밥에 대한 공격은 나에 대한 공격으로 간주한다.,P017,normal,,볶음밥,
D03_C05_R_positive,EOD_D04~C01~01~,손님,느좋이네요. 합격 드리겠습니다.,P017,positive,,,
D03_C05_R_neutral,EOD_D04~C01~01~,손님,어... 어라? 어라라?,P017,neutral,,,
D03_C05_R_negative,EOD_D04~C01~01~,손님,물이 제일 맛있네요.,P017,negative,,,
D04_C01_01_,D04_C01_01_a&&D04_C01_01_b,수상한 후드,흠` 이 식당... 버섯 요리는 안 하는 건가?,Main_Hood,,,,SB_question
D04_C01_01_a,D04_C01_02_,나,어... 일단은요?,,,,,
D04_C01_01_b,D04_C01_02_,나,버섯은 없어요.,,,,,
D04_C01_02_,D04_C01_03_,수상한 후드,비건 고기라고도 불리는 고단백 식재료인데... 생각보다 요리 스타일이 보수적이군.,Main_Hood,,,,
D04_C01_03_,D04_C01_O_,나,(수상한 후드에게 <color=#0000FF>버섯</color>을 받았다.),,,,,IA_mushroom
D04_C01_O_,D04_C01_R_positive&&D04_C01_R_neutral&&D04_C01_R_negative,수상한 후드,오늘은 맛있는 버섯 요리가 먹고 싶군. 설마 고기가 없으면 맛있는 요리를 못 한다는 건 아니겠지?,Main_Hood,normal,&&버섯,,
D04_C01_R_positive,EOO_D04~C02~O~,수상한 후드,음음` 그럭저럭 나쁘지 않은 맛이군.,Main_Hood,positive,,,
D04_C01_R_neutral,EOO_D04~C02~O~,수상한 후드,이게 뭔가? 버섯을 사용하는 데에는 그토록 자신이 없었다는 뜻이라고 봐도 되겠지?,Main_Hood,neutral,,,
D04_C01_R_negative,EOO_D04~C02~O~,수상한 후드,하! 이봐 애송이` 그런 식으로 장사하면 이 바닥에서 살아남지 못할 거야. 알고 있겠지?,Main_Hood,negative,,,
D04_C02_O_,D04_C02_R_positive&&D04_C02_R_neutral&&D04_C02_R_negative,손님,"""크아아아아"" 주먹밥 중에서도 최강의 구운주먹밥이 울부짖었다.",P003,normal,,구운주먹밥,
D04_C02_R_positive,EOO_D04~C03~O~,손님,구운주먹밥은 짱쎄서 주먹밥중에 최강이엇다 빵이나 면도 이겼따 다덤벼도 이겼따,P003,positive,,,
D04_C02_R_neutral,EOO_D04~C03~O~,손님,구운주먹밥은 새상에서 하나였다 어쨌든 걔가 울부짓었다,P003,neutral,,,
D04_C02_R_negative,EOO_D04~C03~O~,손님,으악 제기랄 도망가자,P003,negative,,,
D04_C03_O_,D04_C03_R_positive&&D04_C03_R_neutral&&D04_C03_R_negative,손님,참치살이 붉은색인 이유는 운동량이 많아서 근육이 헤모글로빈이 풍부하기 때문이랍니다. 철분 보충을 위한 참치 요리 하나 부탁해요!,P006,normal,참치&&,,
D04_C03_R_positive,EOO_D04~C04~O~,손님,참치의 신선한 맛이 느껴져서 좋았어요!,P006,positive,,,
D04_C03_R_neutral,EOO_D04~C04~O~,손님,제가 빈혈로 쓰러지면... 역시 먹고 죽은 귀신이 때깔도 고왔더라고 전해주세요...,P006,neutral,,,
D04_C03_R_negative,EOO_D04~C04~O~,손님,요리를 정말 막 하시네요...,P006,negative,,,
D04_C04_O_,D04_C04_R_positive,손님,저 진짜 굶어죽을것같아요 아무거나주세요,P009,generous,,,
D04_C04_R_positive,EOO_D04~C05~O~,손님,따봉카세야 고마워,P009,positive,,,
D04_C05_O_,D04_C05_R_positive&&D04_C05_R_neutral&&D04_C05_R_negative,손님,사장님! 저 고곡 고 고고고곡 고로케 하나요.,P018,normal,,고로케,
D04_C05_R_positive,EOD_D05~C01~01~,손님,너 내 동료가 돼라.,P018,positive,,,
D04_C05_R_neutral,EOD_D05~C01~01~,손님,시련 따위 이제 그냥 웃어,P018,neutral,,,
D04_C05_R_negative,EOD_D05~C01~01~,손님,우린 불을 지펴 더 활활활,P018,negative,,,
D05_C01_01_,D05_C01_01_a&&D05_C01_01_b,수상한 마스크,음... 저기... 그...,Main_Mask,,,,SB_hmm
D05_C01_01_a,D05_C01_02_,나,누구세요?,,,,,
D05_C01_01_b,D05_C01_02_,나,어떤 걸로 드릴까요?,,,,,
D05_C01_02_,D05_C01_03_,수상한 마스크,아 그건 별로 중요하지 않고요... 이거 받으세요.,Main_Mask,,,,
D05_C01_03_,D05_C01_04_,나,(수상한 마스크에게 <color=#0000FF>면</color>을 받았다. 누구지? 어디서 본 적 있는 것 같기도 하고...),,,,,IA_noodle
D05_C01_04_,D05_C01_04_a&&D05_C01_04_b,수상한 마스크,그럼 저는 이만...,Main_Mask,,,,
D05_C01_04_a,D05_C01_O_,나,그냥 가시는 거예요?,,,,,
D05_C01_04_b,D05_C01_O_,나,뭐라도 드시고 가셔야죠.,,,,,
D05_C01_O_,D05_C01_R_positive,수상한 마스크,아... 뭐라도 먹어야` 음... 그러면 아무거나 주세요...,Main_Mask,generous,,,
D05_C01_R_positive,EOO_D05~C02~O~,수상한 마스크,... 잘 먹었습니다.,Main_Mask,positive,,,
D05_C02_O_,D05_C02_R_positive&&D05_C02_R_neutral&&D05_C02_R_negative,손님,너 봄 감자가 맛있단다. 느 집엔 이거 없지?,P004,normal,&&감자,,
D05_C02_R_positive,EOO_D05~C03~O~,손님,아` 맛있다! 너 재주 좋다!,P004,positive,,,
D05_C02_R_neutral,EOO_D05~C03~O~,손님,얘! 너 내 말을 귓등으로 들어먹니?,P004,neutral,,,
D05_C02_R_negative,EOO_D05~C03~O~,손님,난 이 감자 안 먹는다. 너나 먹어라.,P004,negative,,,
D05_C03_O_,D05_C03_R_positive,손님,아무거나요. 유자차에 휘핑크림 추가도 괜찮아요.,P010,generous,,,
D05_C03_R_positive,EOO_D05~C04~01~,손님,리뷰 이벤트 없이 리뷰를 쓰고 싶게 만든 음식은 처음이에요. 더 많은 사람들이 이 식당을 알아야 해요!,P010,positive,,,
D05_C04_01_,D05_C04_O_,최민석,음... 근손실 방지를 위해 무얼 먹어야 할까.,Main_005_default,,,,
D05_C04_O_,D05_C04_R_positive&&D05_C04_R_neutral&&D05_C04_R_negative,최민석,단백질 보충이 필요해요! 닭가슴살과 버섯을 사용해서 샌드위치를 만들어 주실 수 있나요?,Main_005_default,picky,닭고기&&버섯,샌드위치,SB_muscle
D05_C04_R_positive,EOO_D05~C05~O~,최민석,역시 진정한 오마카세는 제 기대를 저버리지 않는군요!,Main_005_default,positive,,,
D05_C04_R_neutral,EOO_D05~C05~O~,최민석,제가 너무 맛없는 요구를 했나요...? 주문이랑은 다르지만 맛은 있으니... 치팅 데이라고 하죠 뭐!,Main_005_default,neutral,,,
D05_C04_R_negative,EOO_D05~C05~O~,최민석,제 요구를 받아주는 진짜 오마카세 가게를 찾아봐야겠네요.,Main_005_default,negative,,,
D05_C05_O_,D05_C05_R_positive&&D05_C05_R_neutral&&D05_C05_R_negative,손님,오늘 엄마가 볶았다. 아니` 어쩌면 어제. - 이빵인.,P015,normal,,고로케||파이,
D05_C05_R_positive,EOO_D05~C06~O~,손님,단언컨대 오막하세는 가장 완벽한 오마카세 식당입니다.,P015,positive,,,
D05_C05_R_neutral,EOO_D05~C06~O~,손님,젊은 요리사의 패기가 느껴지는 맛이었어요.,P015,neutral,,,
D05_C05_R_negative,EOO_D05~C06~O~,손님,요리 연습 좀 더 하고 오셔야겠어요.,P015,negative,,,
D05_C06_O_,D05_C06_R_positive&&D05_C06_R_neutral&&D05_C06_R_negative,손님,CPR 할 줄 아세요? Chicken` Potato` 그리고 Rice!,P008,picky,닭고기&&감자,덮밥||볶음밥||구운주먹밥,
D05_C06_R_positive,EOO_D05~C07~01~,손님,너무 맛있어서 승천할 수도 있을 듯.,P008,positive,,,
D05_C06_R_neutral,EOO_D05~C07~01~,손님,아... 제가 너무 까다로웠나요? 죄송해요` 그냥 먹을게요.,P008,neutral,,,
D05_C06_R_negative,EOO_D05~C07~01~,손님,맛없어서 사망 o<-<,P008,negative,,,
D05_C07_01_,D05_C07_02_,이지민,오~ 아직도 버티고 계시네요? 생각보다 오래 가는데요? 아` 지금은 촬영 안 하고 있어요.,Main_003_streaming,,,,SB_smirking
D05_C07_02_,D05_C07_02_a&&D05_C07_02_b,이지민,솔직히 ㅁㅁ레스토랑 이기고 싶으시죠? 저한테 요리 하나 공짜로 주시면` 제가 기깔나게 리뷰 써 드릴게요! 당신에게도 좋은 제안 아닌가요?,Main_003_streaming,,,,SB_youtube
D05_C07_02_a,D05_C07_O_A,나,@그러죠 뭐. 홍보 많이 해주세요.,,,,,
D05_C07_02_b,D05_C07_O_B,나,%음식을 공짜로 드리긴 좀 어렵네요.,,,,,
D05_C07_O_A,D05_C07_R_A,이지민,흠흠` 역시 사장님은 현명하시네요! 사진에 예쁘게 담길 화려한 메뉴 하나 준비해 주세요!,Main_003_streaming,generous,,,
D05_C07_R_A,EOD_D06~C00~01~,이지민,맛있게 잘 먹었습니다! 제 조회수면 효과는 확실할 테니 기대하셔도 좋아요~,Main_003_streaming,positive,,,
D05_C07_O_B,D05_C07_R_B,이지민,... 뭐` 알겠어요. 그래도 배는 고프니까 아무거나 하나 먹고 갈게요.,Main_003_streaming,generous,,,
D05_C07_R_B,EOD_D06~C00~01~,이지민,저는 솔직한 리뷰를 쓸 테니` 책임은 알아서 지셔야 합니다~?,Main_003_streaming,positive,,,
D06_C00_01_,D06_C00_01_a&&D06_C00_01_b,박효진,야` 너 인터넷에 그 얘기 봤냐?,Main_001_default,,,,SB_exclamation
D06_C00_01_a,D06_C00_02_A@@D06_C00_02_B,나,무슨 얘기?,,,,,
D06_C00_01_b,D06_C00_02_A@@D06_C00_02_B,나,안 봤는데.,,,,,
D06_C00_02_A,D06_C00_03_A,박효진,너 인터넷에서 완전 화제야! 신선한 재료에 가성비까지 최고인 맛집 오마카세 식당으로 유명해졌다고!,Main_001_default,,,,SB_youtube
D06_C00_03_A,D06_C00_04_,박효진,아아` 이러다가 손님이 너무 많아져서 단골 VIP의 자리를 다른 사람들에게 빼앗기면 어떡하지~,Main_001_default,,,,
D06_C00_02_B,D06_C00_03_B,박효진,사장님도 불친절하고` 요리의 맛도 별로라서 다시 오고 싶지 않다는 리뷰 영상이 10만 조회수를 넘어가던데?!,Main_001_default,,,,SB_youtube
D06_C00_03_B,D06_C00_04_,박효진,뭐` 그래도 난 항상 네 편이다. 이 맛있는 요리를 직접 먹어보지도 않고 그런 유언비어를 믿는 사람들이 이상한 거지!,Main_001_default,,,,
D06_C00_04_,D06_C00_04_a&&D06_C00_04_b,박효진,아무튼... 인터넷에서 시끄러워지는 게 항상 좋지만은 않으니까~ 앞으로 조금 더 주의하는 게 좋을 것 같아서 말해주러 왔다.,Main_001_default,,,,
D06_C00_04_a,EOO_D06~C01~01~,나,고마워.,,,,,
D06_C00_04_b,EOO_D06~C01~01~,나,잘 가.,,,,,
D06_C01_01_,D06_C01_02_,수상한 후드,요즘 젊은이들한테 연어만큼 인기 있는 생선이 또 있을까? 트렌드를 모르면 요식업계에서 살아님기 힘들 거야.,Main_Hood,,,,
D06_C01_02_,D06_C01_O_,나,(수상한 후드에게 <color=#0000FF>연어</color>를 받았다.),,,,,IA_salmon
D06_C01_O_,D06_C01_R_positive&&D06_C01_R_neutral&&D06_C01_R_negative,수상한 후드,날것의 연어 요리로 하나 만들어 줬으면 좋겠군.,Main_Hood,picky,연어&&,덮밥||샌드위치||국수,
D06_C01_R_positive,EOO_D06~C02~O~,수상한 후드,요리의 맛이 점점 발전하는 것 같... 아` 아니지` 아직 부족해. 너는 앞으로도 한참 발전해야 해!,Main_Hood,positive,,,
D06_C01_R_neutral,EOO_D06~C02~O~,수상한 후드,애송이` 맛있다고 장땡이 아니란 말을 꼭 네 귀로 직접 들어야 알겠느냐?,Main_Hood,neutral,,,
D06_C01_R_negative,EOO_D06~C02~O~,수상한 후드,... 그래` 이게 너의 방식이란 말이로구나...,Main_Hood,negative,,,
D06_C02_O_,D06_C02_R_positive&&D06_C02_R_neutral&&D06_C02_R_negative,손님,안녕하신가! 힘세고 강한 아침` 만일 내게 묻는다면 나는 덮밥.,P017,normal,,덮밥,
D06_C02_R_positive,EOO_D06~C03~O~,손님,신선함과 같은 맙소사! 멈추지 않는 감동의 눈물 흐르는.,P017,positive,,,
D06_C02_R_neutral,EOO_D06~C03~O~,손님,덮밥 그러나 심오한 맛의 향연 또한 받아들일 수 있는 주문 나 하다.,P017,neutral,,,
D06_C02_R_negative,EOO_D06~C03~O~,손님,이것은 매우 부적절한. 어찌하여 나의 순서 짝수 얻다 무시된?,P017,negative,,,
D06_C03_O_,D06_C03_R_positive&&D06_C03_R_negative,손님,제 최애가 저메추에서 피자를 추천해 줬어요! 그러니 오늘은 무슨 일이 있어도 피자를 먹을 거예요!,P018,strict,,피자,
D06_C03_R_positive,EOO_D06~C04~O~,손님,너무 맛있어요! 다음 팬싸에서 제 최애한테도 오막하세를 추천해 줄게요!,P018,positive,,,
D06_C03_R_negative,EOO_D06~C04~O~,손님,피자라고 했잖아요` 피자!! 으아앙~!,P018,negative,,,
D06_C04_O_,D06_C04_R_positive&&D06_C04_R_neutral&&D06_C04_R_negative,손님,내는 일평생 도마도에 설당이나 찍어뭇지` 이래 무신 식당에 와가 요리로 해가 무글 줄은 꿈에도 몰랐다 아이가.,P007,normal,&&토마토,,
D06_C04_R_positive,EOO_D06~C05~O~,손님,하~예 무시라. 니가 만들었따꼬? 가 얼라가 도마도에 환장하는데 좀 가 가가 노나묵고집다.,P007,positive,,,
D06_C04_R_neutral,EOO_D06~C05~O~,손님,개안타` 개안타. 살다 보믄 이런 날도 있는 기다. 이제부터라도 단디 하믄 된다.,P007,neutral,,,
D06_C04_R_negative,EOO_D06~C05~O~,손님,맛있는 도마도가 천지삐까린데 야는 와이라노. 고마 치아라` 파이다. 내는 이 안물란다.,P007,negative,,,
D06_C05_O_,D06_C05_R_positive&&D06_C05_R_neutral&&D06_C05_R_negative,손님,어느 날 아침 그레고르 감자가 편치 않은 꿈에서 깨어났을 때 그는 자신이 구운주먹밥 옆에서 한 조각의 엄청나게 바삭한 해시브라운으로 변해 있다는 것을 깨달았다.,P014,picky,&&감자,구운주먹밥,
D06_C05_R_positive,EOO_D06~C06~O~,손님,사장님이 어느 날 갑자기 바퀴벌레로 변한다면... 라따뚜이 영화처럼 아무나 한 명 붙잡고 계속 요리해 주세요.,P014,positive,,,
D06_C05_R_neutral,EOO_D06~C06~O~,손님,뻔하디 뻔한 맛이네요. 평범한 식당.,P014,neutral,,,
D06_C05_R_negative,EOO_D06~C06~O~,손님,누군가 당신에게 사과를 던진다면... 그냥 맞으세요.,P014,negative,,,
D06_C06_O_,D06_C06_R_positive&&D06_C06_R_neutral&&D06_C06_R_negative,손님,오오ㅠㅠ 분홍코누렁이 배고파ㅠㅠ,P001,generous,,,
D06_C06_R_positive,GTR_D07~C01~01~,손님,오오ㅠㅠ 오마카세냥이 사랑해ㅠㅠ,P001,positive,,,
D07_C01_01_,D07_C01_01_a&&D07_C01_01_b,박효진,야` 축하한다~ 드디어 영업 일주일 차 돌파!,Main_001_default,,,,SB_fanfare
D07_C01_01_a,D07_C01_02_,나,야호!,,,,,
D07_C01_01_b,D07_C01_02_,나,신난다!,,,,,
D07_C01_02_,D07_C01_O_,박효진,이런 기념일에는 샴페인이라도 한 병 터뜨려야 하는 거 아니냐? 물론 네 돈으로 말이지! 큭큭.,Main_001_default,,,,SB_champagne
D07_C01_O_,D07_C01_R_positive&&D07_C01_R_neutral&&D07_C01_R_negative,박효진,샴페인이랑 찰떡으로 잘 어울리는 연어 디쉬로 하나 내어오시죠~,Main_001_default,normal,연어&&,,
D07_C01_R_positive,EOO_D07~C02~O~,박효진,음` 역시 연어는 언제 먹어도 맛있다니까! 네 요리도 마찬가지고!,Main_001_default,positive,,,
D07_C01_R_neutral,EOO_D07~C02~O~,박효진,오... 연어는 아니지만 의외로 샴페인이랑 잘 어울리는 맛인데?,Main_001_default,neutral,,,
D07_C01_R_negative,EOO_D07~C02~O~,박효진,야` 너... 설마 다른 손님들 요구사항도 이런 식으로 무시하고 그러는 거 아니지...? 걱정돼서 하는 말이야.,Main_001_default,negative,,,
D07_C02_O_,D07_C02_R_positive&&D07_C02_R_neutral&&D07_C02_R_negative,손님,꽁꽁 얼어붙은 국수 위로 토마토가 걸어다닙니다.,P011,picky,&&토마토,국수,
D07_C02_R_positive,EOO_D07~C03~O~,손님,굿. 저는 손님의 주문을 존중해주는 식당이 좋아요.,P011,positive,,,
D07_C02_R_neutral,EOO_D07~C03~O~,손님,곱게 자란 내가 이런 음식을 먹을 수 있을 리 없잖아` 무리무리! (※무리가 아니었다?!),P011,neutral,,,
D07_C02_R_negative,EOO_D07~C03~O~,손님,이건 뭐 재미도 없고 감동도 없고 맛도 없고...,P011,negative,,,
D07_C03_O_,D07_C03_R_positive&&D07_C03_R_neutral&&D07_C03_R_negative,손님,제일 빨리 나오는 걸로 주세요. 제가 좀 급해요.,P005,generous,,,
D07_C03_R_positive,EOO_D07~C04~O~,손님,누군가 요리를 막 하는 것처럼 보인다면` 그 사람이 요리를 매우 잘하고 있다는 뜻이죠.,P005 ,positive,,,
D07_C04_O_,D07_C04_R_positive&&D07_C04_R_neutral&&D07_C04_R_negative,손님,정말 아름다운 날이야. 새들은 지저귀고` 꽃들은 피어나고... 이런 날엔` 너 같은 빵반죽들은... 오븐에서 불타야 해.,P003,normal,,피자,
D07_C04_R_positive,EOO_D07~C05~O~,손님,너` 의지를 가지고 뼈를 깎는 노력을 해왔구나?,P003,positive,,,
D07_C04_R_neutral,EOO_D07~C05~O~,손님,노력만 한다면` 누구나 좋은 요리사가 될 수 있을까?,P003,neutral,,,
D07_C04_R_negative,EOO_D07~C05~O~,손님,끔찍한 시간을 보내고 싶어?,P003,negative,,,
D07_C05_O_,D07_C05_R_positive&&D07_C05_R_negative,손님,참치` 덮밥에 타라.,P009,strict,참치&&,덮밥,
D07_C05_R_positive,EOO_D07~C06~O~,손님,오막하세여 신화가 되어라.,P009,positive,,,
D07_C05_R_negative,EOO_D07~C06~O~,손님,나의 참치덮밥은 이렇지 않아!,P009,negative,,,
D07_C06_O_,D07_C06_R_positive&&D07_C06_R_neutral&&D07_C06_R_negative,손님,태어난 국가` 태어난 시대` 태어난 환경과 신분... 우리는 그 무엇 하나 고를 수 없었지만` 태어나서 무엇을 먹고 살아갈 것인지는 고를 수 있죠. 오늘은 닭고기가 들어간 면 요리를 고를게요.,P006,picky,닭고기&&,국수||볶음면||오븐파스타,
D07_C06_R_positive,EOO_D07~C07~O~,손님,인간의 삶은 이처럼 선택의 연속이죠. 오늘 저의 선택은 제법 만족스러웠어요.,P006,positive,,,
D07_C06_R_neutral,EOO_D07~C07~O~,손님,맞아요` 때로는 내가 선택하지 않은 길이 나를 더 좋은 미래로 이끌어 줄 수도 있죠.,P006,neutral,,,
D07_C06_R_negative,EOO_D07~C07~O~,손님,아... 무언가를 선택할 수 있는 권리 따위` 처음부터 저에게는 주어지지 않았던 거네요.,P006,negative,,,
D07_C07_O_,D07_C07_R_positive&&D07_C07_R_neutral&&D07_C07_R_negative,손님,앗! 야생의 햄버거가 나타났다!,P010,normal,,햄버거,
D07_C07_R_positive,GTR_D08~C00~01~,손님,요리의 힘이란 대단해~!,P010,positive,,,
D07_C07_R_neutral,GTR_D08~C00~01~,손님,... 어라!? 햄버거의 상태가...?,P010,neutral,,,
D07_C07_R_negative,GTR_D08~C00~01~,손님,그만해! 햄버거는... 모두의 음식이다!!,P010,negative,,,
D08_C00_01_,D08_C00_01_a,나,가게 앞에 웬 당근 상자가...?,,,,,
D08_C00_01_a,D08_C00_02_,나,자세히 살펴보자.,,,,,
D08_C00_02_,D08_C00_03_,나,상자에 '오막하세 앞'이라고 적혀 있다. 누가 주려던 걸까? 상태를 보니 꽤 신선한데... 갖다 써야겠다!,,,,,
D08_C00_03_,EOO_D08~C01~O~,나,(<color=#0000FF>당근</color>을 획득했다.),,,,,IA_carrot
D08_C01_O_,D08_C01_R_positive&&D08_C01_R_negative,손님,내일 세계가 멸망하더라도 나는 한 그릇의 국수를 먹겠다.,P001,strict,,국수,
D08_C01_R_positive,EOO_D08~C02~O~,손님,아아` 이제 아무런 미련 없이 성불할 수 있어...,P001,positive,,,
D08_C01_R_negative,EOO_D08~C02~O~,손님,오늘 내 세계가 멸망했다...,P001,negative,,,
D08_C02_O_,D08_C02_R_positive&&D08_C02_R_neutral&&D08_C02_R_negative,손님,이봐` 친구! 그거 알아? 당근 한 개엔 자그마치 당근 한 개 분량의 베타카로틴이 있다는 놀라운 사실을!,P017,normal,&&당근,,
D08_C02_R_positive,EOO_D08~C03~O~,손님,바니바니 바니바니` 당!근! 당!근!,P017,positive,,,
D08_C02_R_neutral,EOO_D08~C03~O~,손님,주문은 무시당했지만 맛있는 게 나왔으니 좋았쓰!,P017,neutral,,,
D08_C02_R_negative,EOO_D08~C03~O~,손님,손님도 이제 한계다. 그냥 장사 접어라. 복잡한 주문 탓 재료 탓 장비 탓하지 마라.,P017,negative,,,
D08_C03_O_,D08_C03_R_positive&&D08_C03_R_neutral&&D08_C03_R_negative,손님,볶음밥이 되어버린 참치를 아시오?,P007,picky,참치&&,볶음밥,
D08_C03_R_positive,EOO_D08~C04~O~,손님,날개야 다시 돋아라. 날자. 날자. 한 번만 더 날아 보자꾸나.,P007,positive,,,
D08_C03_R_neutral,EOO_D08~C04~O~,손님,제일의아해도맛있다고그리오. 제이의아해도맛있다고그리오. 제삼의아해도맛있다고그리오.,P007,neutral,,,
D08_C03_R_negative,EOO_D08~C04~O~,손님,그대는 이따금 그대가 제일 싫어하는 음식을 탐식하는 아이러니를 실천해 보는 것도 좋을 것 같소.,P007,negative,,,
D08_C04_O_,D08_C04_R_positive,황수영,ㅁㅁ레스토랑이 웬일로 오늘은 문을 닫았더라고요. 그래서 여기 왔어요. 선택지가 두 개 있으니 역시 좋네요.,Main_002_default,generous,,,
D08_C04_R_positive,EOO_D08~C05~O~,황수영,잘 먹고 갑니다.,Main_002_default,positive,,,
D08_C05_O_,D08_C05_R_positive&&D08_C05_R_neutral&&D08_C05_R_negative,손님,엄밀히 말하면` 모든 버섯은 먹을 수 있어요. 어떤 버섯은 오직 한 번만 먹을 수 있을 뿐이죠.,P014,normal,&&버섯,,
D08_C05_R_positive,EOO_D08~C06~O~,손님,이런 버섯 요리는 두 번` 세 번이라도 계속 먹고 싶네요!,P014,positive,,,
D08_C05_R_neutral,EOO_D08~C06~O~,손님,제 돈 주고 사 먹을 맛은 아닌 것 같아요. 남이 사준다면 먹긴 할 듯?,P014,neutral,,,
D08_C05_R_negative,EOO_D08~C06~O~,손님,충격과 공포의 맛이었다...,P014,negative,,,
D08_C06_O_,D08_C06_R_positive&&D08_C06_R_negative,장하율,니모를 찾아주세요! 전설에 따르면 니모는 주황색 주먹밥 안에 숨어 있대요!,Main_006_default,strict,연어&&당근,구운주먹밥,SB_clownfish
D08_C06_R_positive,GTR_D09~C01~O~,장하율,우와 니모다! 찾는 걸 도와주셔서 감사합니다!,Main_006_default,positive,,,
D08_C06_R_negative,GTR_D09~C01~O~,장하율,우우... 이번에도 니모 찾기는 실패네요.,Main_006_default,negative,,,
D09_C01_O_,D09_C01_R_positive&&D09_C01_R_neutral&&D09_C01_R_negative,손님,볶음면. 더 이상의 자세한 주문은 생략한다.,P006,normal,,볶음면,
D09_C01_R_positive,EOO_D09~C02~O~,손님,음! 역시 이 식당에 오길 잘 했군.,P006,positive,,,
D09_C01_R_neutral,EOO_D09~C02~O~,손님,이걸 주문한 건 아니었던 것 같은데... 그래도 맛은 있네요.,P006,neutral,,,
D09_C01_R_negative,EOO_D09~C02~O~,손님,준비한 사회성이 모두 소진되어 좋은 후기를 남길 수 없습니다.,P006,negative,,,
D09_C02_O_,D09_C02_R_positive&&D09_C02_R_neutral&&D09_C02_R_negative,손님,맛있는 음식은 모두 비슷한 이유로 맛있지만` 맛없는 음식은 저마다의 이유가 있다. 예를 들자면` 버섯참치 피자.,P005,picky,참치&&버섯,피자,
D09_C02_R_positive,EOO_D09~C03~O~,손님,당신의 미래가 보여요... 오마카세 셰프로 성공한 미래!,P005,positive,,,
D09_C02_R_neutral,EOO_D09~C03~O~,손님,내 입맛을 망치러 온 나의 구원자여...,P005,neutral,,,
D09_C02_R_negative,EOO_D09~C03~O~,손님,대체 무슨 자신감으로 오마카세 식당을 차린 거예요?,P005,negative,,,
D09_C03_O_,D09_C03_R_positive&&D09_C03_R_neutral&&D09_C03_R_negative,손님,셰프. 돼지고기를 써서 빌드해라.,P012,normal,돼지고기&&,,
D09_C03_R_positive,GTR_D09~C05~01~,손님,return '감동';,P012,positive,,,
D09_C03_R_neutral,GTR_D09~C05~01~,손님,...리팩토링할 부분이 있다.,P012,neutral,,,
D09_C03_R_negative,GTR_D09~C05~01~,손님,에러 404.,P012,negative,,,
D09_C05_01_,D09_C05_02_,이지민,충격적인 소식입니다. ㅁㅁ레스토랑의 셰프가 뺑소니 사고를 당해 중환자실에 있다는 소식 들었어요? 깨어나지 못할 수도 있다더라고요.,Main_003_streaming,,,,
D09_C05_02_,D09_C05_O_,이지민,근데... 당신에게는 좋은 소식 아닌가요? 가장 큰 경쟁자가 사라졌으니` 이제 승승장구할 일만 남았잖아요!,Main_003_streaming,,,,
D09_C05_O_,D09_C05_R_positive,이지민,하하` 축하라도 해 드려야 하나? 지금 당신의 기분을 요리로 표현해 주세요.,Main_003_streaming,generous,,,
D09_C05_R_positive,EOO_D09~C06~O~,이지민,아~ 이렇게까지 어그로를 끌었으니 이번 영상도 조회수가 잘 나와야 할텐데!,Main_003_streaming,positive,,,
D09_C06_O_,D09_C07_R_positive&&D09_C07_R_negative,손님,고양이에게 생선가게를 맡기진 않지만` 저는 당신에게 생선 요리를 맡겨 볼게요.,P004,strict,연어||참치,,
D09_C06_R_positive,EOO_D09~C07~O~,손님,역시 당신에게 생선 요리를 맡기길 잘 했어요.,P004,positive,,,
D09_C06_R_negative,EOO_D09~C07~O~,손님,생선이 상했나요? 생선이 썩었나요? 생선 요리 맛이 대체 왜 이렇죠?,P004,negative,,,
D09_C07_O_,D09_C07_R_positive&&D09_C07_R_neutral&&D09_C07_R_negative,손님,타임지 선정 10대 슈퍼푸드에 토마토와 연어가 포함된다는 거 아셨어요? 저는 그걸 국수로 먹을래요!,P018,picky,연어&&토마토,국수,
D09_C07_R_positive,EOO_D09~C08~O~,손님,오막하세에서 밥을 먹고 나의 성공시대 시작됐다♪,P018,positive,,,
D09_C07_R_neutral,EOO_D09~C08~O~,손님,오막하세 셰프는 손님의 요구사항을 찢어(negative).,P018,neutral,,,
D09_C07_R_negative,EOO_D09~C08~O~,손님,외계인 침공시 손님 무시한 요리사가 먼저 잡아먹힌다,P018,negative,,,
D09_C08_O_,D09_C08_R_positive&&D09_C08_R_neutral&&D09_C08_R_negative,손님,미안하다 이거 주문하려고 어그로 끌었다... 참치 버섯 조합 수준 ㄹㅇ 실화냐? 진짜 세계관최강자들의 고로케다...,P003,picky,참치&&버섯,고로케,
D09_C08_R_positive,EOO_D09~C09~O~,손님,앙~ (^.^),P003,positive,,,
D09_C08_R_neutral,EOO_D09~C09~O~,손님,듀... (ㅇ.ㅇ),P003,neutral,,,
D09_C08_R_negative,EOO_D09~C09~O~,손님,뜌어어어어어 (ㅠ.ㅠ),P003,negative,,,
D09_C09_O_,D09_C09_R_positive&&D09_C09_R_neutral&&D09_C09_R_negative,손님,와! 구운주먹밥 할 줄 아시는구나! 진.짜.겁.나.맛.있.습.니.다,P010,normal,,구운주먹밥,
D09_C09_R_positive,EOO_D09~C10~O~,손님,저 오막하세의 단골이 될래요! 너무 맛있어요!,P010,positive,,,
D09_C09_R_neutral,EOO_D09~C10~O~,손님,"당신은 나름대로 열심히 한 것 같아도 음식이 생각보다 맛없을 수 있습니다. 그건 본인이 못 해서가 아니라 ""그 들""이 너무 강해서 그런 것입니다.",P010,neutral,,,
D09_C09_R_negative,EOO_D09~C10~O~,손님,대충 알았다... 이 식당의 레벨... 맛없어서 죽고싶어 졌다.,P010,negative,,,
D09_C10_O_,D09_C10_R_positive&&D09_C10_R_negative,손님,근의 공식은 몰라도 당근의 공식은 알아요! 바로 면과 돼지고기와 함께 먹는 거죠!,P008,strict,돼지고기&&당근,국수||볶음면||오븐파스타,
D09_C10_R_positive,GTR_D10~C00~01~,손님,공식은 실패하지 않는다! 으하하!,P008,positive,,,
D09_C10_R_negative,GTR_D10~C00~01~,손님,공식을 무시하시면 어떡해요?,P008,negative,,,
D10_C00_01_,D10_C00_01_a&&D10_C00_01_b,수상한 마스크,... 아버지께서는... 당신에게 재료를 전해주려다 사고를 당하셨어요.,Main_Mask,,,,
D10_C00_01_a,D10_C00_02_,나,그게 대체 무슨 소리에요?,,,,,
D10_C00_01_b,D10_C00_02_,나,더 자세히 말해주세요.,,,,,
D10_C00_02_,D10_C00_03_,남승준,저희 아버지... 남영기 셰프가... 그동안 당신에게 각종 재료를 가져다 주던 거예요. 저는 그 아들 남승준이고요.,Main_NSJ_default,,,,
D10_C00_03_,D10_C00_04_,남승준,당신이 아니었다면` 아버지께서 이곳에 오지 않으셨더라면... 흑... 그런 사고는 일어나지 않았을 겁니다.,Main_NSJ_default,,,,
D10_C00_04_,D10_C00_05_,남승준,... 전부 당신 때문이에요.,Main_NSJ_default,,,,
D10_C00_05_,D10_C00_06_,나,......,,,,,
D10_C00_06_,D10_C00_07_,남승준,흑... 아버지께서... 이걸 당신에게 전해 주라고 하셨어요.,Main_NSJ_default,,,,
D10_C00_07_,D10_C00_08_,나,(<color=#0000FF>편지</color>와 <color=#0000FF>소고기</color>를 받았다.),,,,,IA_beef
D10_C00_08_,D10_C00_09_,남승준,아버지의 마지막 부탁이니... 이것만은 당신에게 전해주러 왔습니다. 하지만...,Main_NSJ_default,,,,
D10_C00_09_,D10_C00_10_,남승준,앞으로는... 다시는 볼 일이 없었으면 좋겠습니다. 안녕히 계세요.,Main_NSJ_default,,,,
D10_C00_10_,D10_C00_10_a,나,......,,,,,
D10_C00_10_a,,나,편지를 읽어본다.,,,,,